filename,status,page_count,total_chars,avg_chars_per_page,preview,error
10e8487afed645f0b6812b7159416fbd_Payment_Mode_Details_7eb1ee7d.pdf,ok,1,738,738.0,"Payment Mode Details Candidates who have been offered admission in a programme at TIET, can make the fee payment using any one of the following modes. i. Online using your Debit Card/Credit Card/Net B",
182582839d6248b78040babe4ab7e3e7_23_NAVA_NALANDA_CENTRAL_LIBRARY_a8f7f8a7.pdf,ok,3,6431,2143.7,"Nava Nalanda Central Library (https://cl.thapar.edu) The Library Building and Infrastructure Nava Nalanda Central Library is an iconic, internationally acclaimed structure in the heart of the Thapar I",
190396079a034243b7aafab0f14d98e1_06_ADMISSION_TO_FIRST_YEAR_UG_PROGRAM_26c351e1.pdf,ok,16,34497,2156.1,1. ADMISSION TO THE FIRST YEAR OF BE/BTech PROGRAM (2026-27) 1.1. BE/BTech programmes and Number of Seats TIET offers BE/BTech programs in the following disciplines. Table – I: Branch wise distributio,
24943a9fc0174c0691e3a7c98def5572_Diploma_Counselling_-_I_Schedule_02a9c095.pdf,ok,3,4609,1536.3,"THAPAR POLYTECHNIC COLLEGE, PATIALA (A Constituent Unit of Thapar Institute of Engineering & Technology, Patiala) First Round of Counselling and Document Verification for Admission to Diploma Programm",
268fd64d1efb4435a63df702d7e10cb9_19_BRIEF_INFORMATION_ABOUT_BE__CIVIL_ENGINEERING__60cc8502.pdf,ok,1,2729,2729.0,B.E. CIVIL EINGINEERING The infrastructure sector in India is expected to grow at 7% annually with an investment of Rs 102 Lakh Crore by 2024-25. This massive investment offers significant employment ,
288fba1ba3c14f60a7108aa93868a969_Diploma_Counselling_-_II_Schedule_a1fa8968.pdf,ok,2,4735,2367.5,"Notice regarding Second round of counselling for admission to vacant seats in Diploma programmes Dated: 27 June, 2026 The second round of counselling for admission to vacant seats of the diploma progr",
3106a6d3903c43ceb31dfee1cd64e6c5_09_20ADMISSION_20TO_20MCA_20PROGRAM_20421a75.pdf,ok,2,3298,1649.0,4. MCA PROGRAMME (2-years duration) (2026-27) 4.1 ELIGIBILITY: Bachelor degree of minimum 3-years duration in any discipline from a recognised University with at least 60% marks (55% for SC/ST) in agg,
32ab1586afd1450c8d7a6f79fdbaa69f_24_PRIZES_AND_MEDALS_924bdbf9.pdf,ok,2,5222,2611.0,PRIZES AND MEDALS 1. MEDALS AWARDED AT THE ANNUAL CONVOCATION 1.1. The President's Medal is awarded to a student who tops the list of successful candidates in all the disciplines of final year B.E./B.,
35e9cdca941541669de3af535d968abe_08_20ADMISSION_20TO_20ME-MTECH_20PROGRAMS_f4cfe9ce.pdf,ok,5,12747,2549.4,3 ADMISSION TO M.E./M.Tech. PROGRAMME (2026-27) Mode of Program: Regular/Flexible 3.1 ELIGIBILITY FOR ADMISSION Admission to all the M.E./M.Tech. programmes shall be made on the basis of valid GATE Sc,
3fe5e02ed4da43ada235fe0553d33453_WITHDRAWAL_FORM_DIPLOMA_c5a97525.pdf,ok,2,2397,1198.5,"APPLICATION FOR REFUND OF FEE (WITHDRAW OF SEAT) SESSION 2026-27 To, The Principal, Thapar Polytechnic College, Patiala Sir, I want to withdraw my admission. Please allow me to withdraw my admission a",
413f2739fb0f4c80ab9e846c83906f92_14_SCHOLARSHIP_POLICY_85b6d27a.pdf,ok,13,32458,2496.8,25. SCHOLARSHIPS / TUITION FREESHIPS FOR THE SESSION 2026-27 25.1 MERIT SCHOLARSHIP – BE/BTech STUDENTS Merit Scholarships to the first year UG students will be awarded on the basis of All India Rank ,
46c20e7c0de84cd68dbd1ecb952f34fc_26_DISCIPLINE_00746f73.pdf,ok,5,13376,2675.2,"DISCIPLINE In order that every student enjoys and contributes in creating and maintaining a congenial environment on the campus, students are expected to be aware of their responsibilities, behave in ",
4d37110458134e2596d49a358bd97dd1_28_STUDENT_ACTIVITIES_2d7f7e24.pdf,ok,17,24122,1418.9,"STUDENT ACTIVITIES Thapar Institute of Engineering & Technology, Patiala, renowned for its academic excellence and vibrant campus life, boasts a rich tapestry of Student Societies, Clubs, and Chapters",
525f260cee2743f494097c32c123f3c0_29_FORMATS_OF_CERTIFICATES_8ff97e41.pdf,ok,12,15359,1279.9,INSTRUCTIONS/GUIDELINES REGARDING COMPETENT AUTHORITY TO ISSUE CERTIFICATES 1. SCHEDULED CASTE CATEGORY The competent authorities to issue the certificate are as under. i. District Magistrate/Addition,
5277540ef8b1479c96f67acc7650a8de_01_ABBREVIATIONS_USED_66dfb845.pdf,ok,2,2957,1478.5,ABBREVIATIONS USED ABBREVIATION DESCRIPTION ABET Accreditation Board for Engineering and Technology AGPA Annual Grade Point Average AICTE All India Council for Technical Education AIU Association of I,
57f5952c44894e2b89bc4a4a9e3dced3_12_ADMISSION_FOR_FN-NRI_CANDIDATES_29200a3d.pdf,ok,2,3686,1843.0,ADMISSIONS OF FN/NRI CANDIDATES (For all Programs): 15% over and above seats in each program/discipline are reserved for the FN/NRI candidates. Such candidates are not required to appear in the Entran,
58f5acf1f6cf4f2687c42519b66936af_20_BRIEF_INFORMATION_ABOUT_CIVIL_WITH_COMPUTER_APPLICATIONS_ENGINEERING_7edd69de.pdf,ok,1,2540,2540.0,Building the Future Bachelors in Civil Engineering with Computer Applications This undergraduate program equips students with the essential skills and knowledge to become successful civil engineers in,
590dddcb7485402398934a268e815d5f_10_A_ADMISSION_TO_MSc_-_PCM_PROGRAM_f28c71fe.pdf,ok,3,2692,897.3,THAPAR SCHOOL OF LIBERAL ARTS AND SCIENCES MASTER OF SCIENCE PROGRAM (2026-27) Thapar School of Liberal Arts and Sciences offers following Master of Science programs of 2-years duration: 1. M.Sc. (Che,
6f7b4a133f2243bdb7653762cf0ad9ad_02_PREFACE_8fb32542.pdf,ok,1,1539,1539.0,"PREFACE Thapar Institute of Engineering & Technology (TIET) is a premier educational and research Institute located in the 250-acre lush green campus, known as Thapar Technology Campus (TTC), in the h",
72346df46e4649f08440dfd11f9a018c_10_ADMISSION_TO_MSC_-_BIOTECHNOLOGY_PROGRAMME_52fe1bc9.pdf,ok,2,3195,1597.5,6. M.Sc. – BIOTECHNOLOGY PROGRAMME (2026-27) Thapar Institute of Engineering & Technology offers M.Sc. (Biotechnology) programme of 2-years duration (4 Semesters). 6.1 ELIGIBILITY: Candidates with bac,
791b83558d6c412cb807b90e502a30dd_22_BRIEF_INFORMATION_ABOUT_B_TECH_BIOTECH_PROGRAMME_948df051.pdf,ok,1,2345,2345.0,"B.Tech. Biotechnology programme at Thapar Institute of Engineering & Technology, Patiala The Department of Biotechnology at Thapar Institute of Engineering & Technology, Patiala is committed to provid",
8203afe8b4f145158f407199ce907efe_11_ADMISSION_TO_PHD_PROGRAMS_54e1156c.pdf,ok,27,67170,2487.8,8. Ph.D. PROGRAMME (2026-27) Mode of Program: Regular/Part-time/Executive 8.1 ELIGIBILITY i. A candidate seeking admission to the degree of Doctor of Philosophy must have obtained M.E./ M.Tech./ MCA/ ,
83cbb8a55ce941d5b9f3656aa4fb2135_17_BRIEF_INFORMATION_ABOUT_MCA_2_YEAR_995bef0a.pdf,ok,1,915,915.0,MCA Programme Computer Science & Engineering Department offers a 2-Year MCA programme. This programme is designed to provide an opportunity to the students who hold minimum 3 years Bachelor Degree in ,
84f92be4f9d74bb5a5e6656a5f6237b3_Admissions_2026-2027_Refund_Policy_b2d57ffe.pdf,ok,1,759,759.0,"THAPAR INSTITUTE OF ENGINEERING & TECHNOLOGY, PATIALA 18th June, 2026 Admissions 2026-2027 Refund Policy As per the academic calendar issued by AICTE, the Institute shall follow the refund policy in a",
873add07e9fb4c51ad81e2e4760bfe98_Notice_regarding_Second_round_of_counselling_e0c7ab44.pdf,ok,1,1540,1540.0,"Notice regarding Second round of counselling for admission to vacant seats in Diploma programmes Dated: 12 June, 2026 The second round of counselling for admission to vacant seats of the diploma progr",
8a49c18e9a4940a5b91c775c118dedd1_07_ADMISSION_IN_SECOND_YEAR_OF_UG_PROGRAM__LATERAL_ENTRY__a6e788c8.pdf,ok,5,9649,1929.8,2 LATERAL ENTRY ADMISSION TO THE SECOND YEAR OF UG PROGRAMME (2026-27) 2.1 ELIGIBILITY A candidate shall be eligible for admission in the Second year of B.E. programs subject to the following conditio,
92257689063b4636bedb3135a866da02_13_INTERNATIONAL_ENGINEERING_PROGRAM_b893c519.pdf,ok,21,33497,1595.1,INTERNATIONAL ENGINEERING PROGRAM CREDIT-TRANSFER PROGRAM THAPAR INSTITUTE OF ENGINEERING & TECHNOLOGY AND UNIVERSITY OF QUEENSLAND (UQ) 1,
9a49c582d46b439b8e96e493cb2b99d7_IEP_Counselling_-_I_c37f03c5.pdf,ok,2,4618,2309.0,International Engineering Programs Counselling Thapar Institute of Engineering & Technology (TIET) announces the First round of counselling for the International Engineering Program (IEP) offered with,
9c986e54063c4c82a23d721f2825649f_04_Fake_agents_TIET_d6dbc6e1.pdf,ok,1,1750,1750.0,For Kind Attention: Prospective students seeking admission in BE/BTech and their Parents General public is hereby informed that all the admissions in BE/BTech program are made on the merit as prescrib,
9e19a5d83c884f50bd1ca2dfc3ad0cc7_05_TUITION_FEE_AND_OTHER_DUES_a65ade5d.pdf,ok,4,7543,1885.8,FEE AND OTHER DUES FOR THE VARIOUS PROGRAMMES (2026-27) FEE AND OTHER DUES FOR THE VARIOUS PROGRAMMES FOR OTHER THAN FN/NRI CATEGORY (A) Admission Fee (One Time fee to be paid at the time of admission,
ABETProgramme_20Enrollment_20and_20Degree_20Data_c26822ef.pdf,ok,1,406,406.0,Programme Enrollment and Degree Data Enrollment Year Degree Awarded Academic Total Total Year 1st 2nd 3rd Undergrad Grad 4th 5th Associates Bachelors Masters Doctorates FT 179 137 146 128 2 592 Curren,
ABET_final_statement_2_a9da596b.pdf,ok,5,5419,1083.8,"ENGINEERING ACCREDITATION COMMISSION Summary of Accreditation Actions 2018–2019 Accreditation Cycle Thapar Institute of Engineering and Technology Patiala, Punjab, India Computer Engineering (Bachelor",
ACADEMIC_20CALENDAR201718_c3f6347c.pdf,ok,2,3333,1666.5,ACADEMIC CALENDAR 2017-18 FIRST SEMESTER - Registration* (OTHER THAN FIRST YEAR STUDENTS) 24.07.2017 – 28.07.2017 - Commencement of Classes (OTHER THAN FIRST YEAR 24.07.2017 at 13:00 Hours STUDENTS) -,
ADMISSION_20FOR_20FN-NRI_20CANDIDATES_19c1175a.pdf,ok,2,3599,1799.5,10 ADMISSION OF FN/NRI CANDIDATES (For all Programs): 15% over and above seats in each program/discipline are reserved for the FN/NRI candidates. Such candidates are not required to appear in the Entr,
ADMISSION_20TO_20PHD_20PROGRAMS_d60b82cc.pdf,ok,26,64046,2463.3,8. Ph.D. PROGRAMME ELIGIBILITY i. A candidate seeking admission to the degree of Doctor of Philosophy must have obtained M.E./M.Tech./M.Phil./MCA/M.Sc./M.A./M.B.A./C.A. or equivalent with minimum CGPA,
AI-DS_2024_COURSE_SCHEME_25201f20.pdf,ok,198,296182,1495.9,COURSE SCHEME AND SYLLABUS FOR B.E. (AI & DS) 2024,
AI_ML24_4eb92ba0.pdf,ok,52,80554,1549.1,COURSE SCHEME AND SYLLABUS FOR B.E. (AI & ML) 2024 Page 1 of 52,
ANTI-ALCOHOLANTI-DRUG_20ABUSE_20POLICY_0d6b83fe.pdf,ok,1,3195,3195.0,"THAPAR INSTITUTE OF ENGINEERING & TECHNOLOGY, PATIALA 29. ANTI-ALCOHOL/DRUG ABUSE POLICY THAPAR INSTITUTE OF ENGINEERING & TECHNOLOGY, PATIALA has the responsibility to maintain an educational environ",
AcademicRegulations_df5965c7.pdf,ok,47,123389,2625.3,"THAPAR INSTITUTE OF ENGINEERING & TECHNOLOGY, PATIALA ACADEMIC REGULATIONS (UPDATED MARCH 2026) 1. The provisions, contained in this set of Regulations, govern the policies and procedures on the admis",
Academic_Documented_Information_2025_de8d8be9.pdf,ok,34,29477,867.0,"TIET, PATIALA ACADEMIC DOCUMENTED INFORMATION THAPAR INSTITUTE OF ENGINEERING & TECHNOLOGY (Deemed to be University) PATIALA-147004 ACADEMIC DOCUMENTED INFORMATION MANUAL TIET/QMS/DI/ACAD Release No.:",
BECOE2021sep_39126b90.pdf,ok,189,291194,1540.7,"Thapar Institute of Engineering & Technology, Patiala COURSES SCHEME FOR BE (COMPUTER ENGINEERING) 2021",
BECOE23_a97fb883.pdf,ok,221,316663,1432.9,COURSE SCHEME AND SYLLABUS FOR B.E. (COE) 2023 Page 1 of 211,
BECOE_2022_51e75824.pdf,ok,221,341374,1544.7,"Thapar Institute of Engineering & Technology, Patiala COURSES SCHEME FOR BE (COMPUTER ENGINEERING) 2022",
BECOE_2024_Scheme_2e3b73c7.pdf,ok,229,350013,1528.4,"COURSE SCHEME AND SYLLABUS FOR B.E. (COE) 2024 THE SUGC and SPGC meetings held on 27th February, 2026",
BECOE_2025_Scheme_66f19ecc.pdf,ok,227,346043,1524.4,"COURSE SCHEME AND SYLLABUS FOR B.E. (COE) 2025 THE SUGC and SPGC meetings held on 27th February, 2026",
BECSE2019_SUGC_421a970a.pdf,ok,159,243181,1529.4,"Thapar Institute of Engineering & Technology, Patiala COURSES SCHEME FOR BE (COMPUTER SCIENCE & ENGINEERING) 2019",
BECSE2020_SUGC_3f22942e.pdf,ok,159,227206,1429.0,"Thapar Institute of Engineering & Technology, Patiala COURSES SCHEME FOR BE (COMPUTER SCIENCE & ENGINEERING) 2020",
BECSE2021_eda0a961.pdf,ok,175,256220,1464.1,"Thapar Institute of Engineering & Technology, Patiala COURSES SCHEME FOR BE (COMPUTER SCIENCE & ENGINEERING) 2021",
BECSE2024_Scheme_37d1ce93.pdf,ok,244,354232,1451.8,"COURSE SCHEME AND SYLLABUS FOR B.E. (CSE) 2024 THE SUGC and SPGC meetings held on 27th February, 2026 Page 1",
BECSE2025_Scheme_3ccfb16f.pdf,ok,243,354234,1457.8,"COURSE SCHEME AND SYLLABUS FOR B.E. (CSE) 2025 THE SUGC and SPGC meetings held on 27th February, 2026 Page 1",
BECSE2026_Scheme_6caeb2cd.pdf,ok,243,354234,1457.8,"COURSE SCHEME AND SYLLABUS FOR B.E. (CSE) 2026 THE SUGC and SPGC meetings held on 27th February, 2026 Page 1",
BECSE_2022_8422700f.pdf,ok,184,275194,1495.6,"Thapar Institute of Engineering & Technology, Patiala COURSES SCHEME FOR BE (COMPUTER SCIENCE & ENGINEERING) 2022",
BECSE_2023_b0a321cc.pdf,ok,221,313612,1419.1,COURSE SCHEME AND SYLLABUS FOR B.E. (CSE) 2023 Page 1 of 210,
BE_CSBS2022_a368fd15.pdf,ok,125,204773,1638.2,"Thapar Institute of Engineering & Technology, Patiala COURSES SCHEME FOR BE (COMPUTER SCIENCE & BUSINESS SYSTEMS) 2022",
BE_CSBS2023_38b61d51.pdf,ok,130,213676,1643.7,"Thapar Institute of Engineering & Technology, Patiala COURSES SCHEME FOR BE (COMPUTER SCIENCE & BUSINESS SYSTEMS) 2023",
BE_CSBS_2019_8dc7fc5b.pdf,ok,120,196048,1633.7,"Thaparr Instituute of Enngineerinng & Tecchnologyy, Patialaa COURRSES SCCHEMEE FOR BE (COOMPUTEER SCIEENCE && BUSINNESS SYYSTEMSS) 2019",
BE_CSBS_2020_ee3209b5.pdf,ok,120,196047,1633.7,"Thaparr Instituute of Enngineerinng & Tecchnologyy, Patialaa COURRSES SCCHEMEE FOR BE (COOMPUTEER SCIEENCE && BUSINNESS SYYSTEMSS) 2020",
BE_CSBS_2021_0e6eba1b.pdf,ok,121,198783,1642.8,"Thapar Institute of Engineering & Technology, Patiala COURSES SCHEME FOR BE (COMPUTER SCIENCE & BUSINESS SYSTEMS) 2021",
BE_CSBS_2024_fdeb10eb.pdf,ok,130,213676,1643.7,"Thapar Institute of Engineering & Technology, Patiala COURSES SCHEME FOR BE (COMPUTER SCIENCE & BUSINESS SYSTEMS) 2024",
CEEMS_Summary2019-2024_3759b388.pdf,ok,9,9684,1076.0,"CCEEEEMMSS TTIIEETT SSUUMMMMAARRYY RREEPPOORRTT 2019 - 2024 https://ceems.thapar.edu/index.php P.O. Box 32, Bhadson Road, Patiala, Punjab, Pin -147004, India",
Climate_Action_Plan_a99e700c.pdf,ok,2,2739,1369.5,"Overall strategy and commitment to alleviating climate change Climate change is one of the biggest challenges facing our world today. Global collaborations and partnerships, along with local actions, ",
DISCIPLINE_58a095dd.pdf,ok,4,10801,2700.2,"28. DISCIPLINE: In order that every student enjoys and contributes in creating and maintaining a congenial environment on the campus, students are expected to be aware of their responsibilities, behav",
Departmental_Documented_Information_2025V5.3_a3087068.pdf,ok,65,81731,1257.4,"TIET, PATIALA DEPARTMENTAL DOCUMENTED INFORMATION THAPAR INSTITUTE OF ENGINEERING & TECHNOLOGY (Deemed to be University) PATIALA-147004 DEPARTMENTAL DOCUMENTED INFORMATION MANUAL TIET/QMS/DI/DEPT Rele",
Dr._Seema_Bawa_publication_0cf58846.pdf,ok,9,37552,4172.4,"PUBLICATIONS LIST IN JOURNALS, CONFERENCES: Dr. Seema Bawa [191] Sandeep Saharan, Seema Bawa, Neeraj Kumar, Rajkumar Buaya, Foggy-Park: A Dynamic Pricing and NSGA based Allocation Scheme for On-Street",
ENC_2023_scheme.pdf,ok,206,347336,1686.1,"SCHEME AND SYLLABUS Bachelor of Engineering (ELECTRONICS AND COMPUTER ENGINEERING) 2023-2027 THAPAR INSTITUTE OF ENGINEERING & TECHNOLOGY (DEEMED TO BE UNIVERSITY) PATIALA, PUNJAB, INDIA DEPARTMENT OF",
Extension_of_due_date_for_payment_of_feeoddsem22-23_06196773.pdf,ok,1,967,967.0,"THAPAR INSTITUTE OF ENGINEERING AND TECHNOLOGY: PATIALA (FTNANCE & ACCOUNTS SECTTON) Dated: July 21,2022 EXTENSION OF DATE FOR PAYMENT OF FEE (ODD SEMESTER 2022-231 The last date for payment of fee fo",
FEATURES_20OF_20UG-PG_20PROGRAMS_fc676154.pdf,ok,6,18350,3058.3,"12 FEATURES OF UG & PG PROGRAMS 12.1 TIET follows the semester system and each semester includes 90 days of teaching. 12.2 To be eligible for the award of degree, the candidate is required to obtain a",
FORMATS_20OF_20CERTIFICATES_481dd0b0.pdf,ok,14,20890,1492.1,31. INSTRUCTIONS/GUIDELINES REGARDING COMPETENT AUTHORITY TO ISSUE CERTIFICATES 1. SCHEDULED CASTE CATEGORY The format for SC Certificate is given as Annexure-II and the competent authorities to issue,
Faculty_TIET___LMTSM_Recruitment_Policy_34fb3f32.pdf,ok,10,19623,1962.3,Thapar Institute of Engineering & Technology Deemed to be University Recruitment and Promotion Policy Objective 1. The Institute believes in providing opportunities to high performers by enriching and,
Final-ME-CSE_Scheme-2020_1b08f3d6.pdf,ok,39,56542,1449.8,"Structure of Post Graduate (ME Computer Science and Engineering) THAPAR INSTITUTE OF ENGINEERING & TECHNIOLOGY (DEEMED TO BE UNIVERSITY) PATIALA, PUNJAB, INDIA",
HOSTEL_20FACILITIES_ffadaf52.pdf,ok,2,4377,2188.5,"27 HOSTEL AND OTHER FACILITIES 27.1 HOSTELS The Institute has 16 hostels (7 Hostels + 4 Towers) with state-of-the-art facilities. The total hostel accommodation for boys is over 4500 and for girls, ab",
Holiday_List_993f484e.pdf,weak_extraction,1,1,1.0,,
Hostel_Refund_Policyupdated_c431d162.pdf,ok,1,392,392.0,The BOG has approved the Hostel Fee refund policy for the year 2023-2024 as per following : S. No. Particulars Refund amount 1 Hostel vacated within 4 weeks of start of classes 80% 2 Hostel vacated af,
IEEE_Events_44bbe970.pdf,ok,17,6858,403.4,2019-2023 Computer Science and Engineering Department November 2023,
IMPORTANT_20DATES_20AND_20INFORMATION_664acb38.pdf,ok,15,36774,2451.6,IMPORTANT DATES AND INFORMATION: The online application form is available on www.thapar.edu. Fill the complete details and then take the print out of the form. Please keep one copy of the printout of ,
Industry_-_CED_CSED_EIED_ECED_MED_Maths_aa6c961c.pdf,ok,2,4812,2406.0,"THAPAR INSTITUTE OF ENGINEERING AND TECHNOLOGY (Deemed-to-be University under section 3 of UGC Act, 1956 vide notification # F.9-12/84-U.3 of GoI) PATIALA-147004, PUNJAB http://www.thapar.edu FACULTY ",
MCA_Scheme_2022_23_csed_28cdc4bc.pdf,ok,46,86131,1872.4,COURSE SCHEME FOR MCA 2022 Onwards 1,
MCA_Scheme_2025_d4dc2378.pdf,ok,56,81631,1457.7,COURSE SCHEME FOR MCA 2025 Onwards DEPARTMENT OF COMPUTER SCIENCE AND ENGINEERING MASTER OF COMPUTER APPLICATIONS (MCA) 1,
MECSE2025scheme_2020a86f.pdf,ok,44,68361,1553.7,"Structure of Post Graduate (ME Computer Science and Engineering) THAPAR INSTITUTE OF ENGINEERING & TECHNOLOGY (DEEMED TO BE UNIVERSITY) PATIALA, PUNJAB, INDIA",
MERIT_SCHOLARSHIP_1st_Year_LEET-2020_BATCH_FOR_2020-21_72aee54e.pdf,ok,1,1707,1707.0,"OFFICE OF DEAN OF ACADEMIC AFFAIRS No. TI/DA/SCH/20-21/ Dated : Oct 11, 2021 NOTICE OF MERIT SCHOLARSHIP 1st Year LEET STUDENTS (2020 Batch) FOR THE YEAR 2020-21 The list of meritorious students of 1s",
ME_CSE2021_FINAL_1804e7ec.pdf,ok,39,57332,1470.1,"Structure of Post Graduate (ME Computer Science and Engineering) THAPAR INSTITUTE OF ENGINEERING & TECHNIOLOGY (DEEMED TO BE UNIVERSITY) PATIALA, PUNJAB, INDIA",
ME_CSE_Course_Scheme_2022_e0104b02.pdf,ok,39,57332,1470.1,"Structure of Post Graduate (ME Computer Science and Engineering) THAPAR INSTITUTE OF ENGINEERING & TECHNIOLOGY (DEEMED TO BE UNIVERSITY) PATIALA, PUNJAB, INDIA",
MTech_VLSI_batch_2019_887785ac.pdf,ok,61,79420,1302.0,"DEPARTMENT OF ELECTRONICS & COMMUNICATION ENGINEERING SCHEME OF COURSES FOR M. Tech. (VLSI Design), Batch – 2019-2021 THAPAR INSTITUTE OF ENGINERING & TECHNOLOGY (Deemed to be University)",
PREFACE_380fd319.pdf,ok,1,1539,1539.0,"PREFACE Thapar Institute of Engineering & Technology (TIET) is a premier educational and research Institute located in the 250-acre lush green campus, known as Thapar Technology Campus (TTC), in the h",
PRIZES_20AND_20MEDALS_0abfbacb.pdf,ok,2,5321,2660.5,PRIZES AND MEDALS 26.1 MEDALS AWARDED AT THE ANNUAL CONVOCATION 26.1.1 The President's Medal is awarded to a student who tops the list of successful candidates in all the disciplines of final year B.E,
PhD_20Admission_20Notification-II_60d6360b.PDF,ok,1,1714,1714.0,TFIAPAR TII{IVERSITY: PATIALA Ref. No.AS/250 l/Ph.D./Admn/2017-l 8/64 l -B Dated:28.07 .2017 NOTIFICATION On the recommendations ofthe Ph.D. Admission Commiftees & duly approved by the Dean (Research ,
Privacy_PolicyTIET_5161daf9.pdf,ok,5,6723,1344.6,Thank you for visiting the Thapar Institute of Engineering and Technology (deemed to be university) website and reviewing our privacy policy. We hold the privacy of our site visitors in the highest re,
ProjectRegistrationNotice_33a836d8.pdf,ok,1,1346,1346.0,"THAPAR INSTITUTE OF ENGINEERING AND TECHNOLOGY (Deemed to be University) Dated: May 23, 2022 N O T I C E Attention: All the Students going for Project Semester/System Development Project. The registra",
ProjectSem.Regn2022-23EVENSEM_d9d6450c.pdf,ok,1,1401,1401.0,"THAPAR INSTITUTE OF ENGINEERING AND TECHNOLOGY (Deemed-to-be-University) Dated: December 1, 2022 N O T I C E Attention: All the Students going for Project Semester/System Development Project. The regi",
Quality_Manual_2025V5.3_572caccc.pdf,ok,87,133831,1538.3,"TIET, PATIALA QUALITY MANUAL Release No. 5 Version 5.3 Release Date : 22.07.2025 PREPARED BY . APPROVED BY MR ISO 9001:2015 VICE-CHANCELLOR Page 1",
Resaech_-_BTD_SCBC_SEE_SPMS_bb85aae1.pdf,ok,3,5199,1733.0,"THAPAR INSTITUTE OF ENGINEERING AND TECHNOLOGY (Deemed-to-be University under section 3 of UGC Act, 1956 vide notification # F.9-12/84-U.3 of GoI) PATIALA-147004, PUNJAB http://www.thapar.edu FACULTY ",
Research_-_CED_CSED_EIED_ECED_MED_Maths_6b3fa20f.pdf,ok,3,5878,1959.3,"THAPAR INSTITUTE OF ENGINEERING AND TECHNOLOGY (Deemed-to-be University under section 3 of UGC Act, 1956 vide notification # F.9-12/84-U.3 of GoI) PATIALA-147004, PUNJAB http://www.thapar.edu FACULTY ",
Research_-_LMTSM_SHSS_8c9f5cfd.pdf,ok,4,8528,2132.0,"THAPAR INSTITUTE OF ENGINEERING AND TECHNOLOGY (Deemed-to-be University under section 3 of UGC Act, 1956 vide notification # F.9-12/84-U.3 of GoI) PATIALA-147004, PUNJAB http://www.thapar.edu FACULTY ",
SCHOLARSHIPS_8e5c9158.pdf,ok,9,22044,2449.3,25 SCHOLARSHIPS/TUITION FREESHIPS 25.1 The Institute offers following scholarships for UG students admitted on the basis of JEE(Main) score: Sr. Name of the Value of Criteria for Criteria for First Ye,
STUDENT_20ACTIVITIES_52598db6.pdf,ok,15,24912,1660.8,30. SOCIETIES/STUDENT CHAPTERS/CLUBS GAMES AND SPORTS The Institute has several playgrounds and well-maintained athletic track to encourage the students to take part in different games such as Cricket,
Scheme_and_Syllabus_M.Tech._VLSI_Design_2021-23_c58377f9.pdf,ok,58,78943,1361.1,"DEPARTMENT OF ELECTRONICS & COMMUNICATION ENGINEERING SCHEME OF COURSES FOR M. Tech. (VLSI Design), Batch – 2021-2023 THAPAR INSTITUTE OF ENGINERING & TECHNOLOGY (Deemed to be University)",
System_Documented_Information_2025V5.3_b7cd05b9.pdf,ok,33,27443,831.6,"TIET, PATIALA SYSTEM DOCUMENTED INFORMATION THAPAR INSTITUTE OF ENGINEERING & TECHNOLOGY (Deemed to be University) PATIALA SYSTEM DOCUMENTED INFORMATION MANUAL TIET/QMS/DI/SYST Release No. : 5.3 Relea",
TIET-IPR_Policy_Ver.2_-_Aug_2021_0fece00b.pdf,ok,15,37696,2513.1,Thapar Institute of Engineering and Technology Patiala Institutional Policy on Intellectual Property Rights (IPR Policy) Version. 2.0 August 2021 T IET – IPR PO LI CY - Ve r 2. 0 ; R ele as e d a te- ,
Teaching_-_CED_CSED_EIED_ECED_MED_Maths_f8828aa8.pdf,ok,4,7143,1785.8,"THAPAR INSTITUTE OF ENGINEERING AND TECHNOLOGY (Deemed-to-be University under section 3 of UGC Act, 1956 vide notification # F.9-12/84-U.3 of GoI) PATIALA-147004, PUNJAB http://www.thapar.edu FACULTY ",
Teaching_-_LMTSM_SHSS_63305214.pdf,ok,5,9837,1967.4,"THAPAR INSTITUTE OF ENGINEERING AND TECHNOLOGY (Deemed-to-be University under section 3 of UGC Act, 1956 vide notification # F.9-12/84-U.3 of GoI) PATIALA-147004, PUNJAB http://www.thapar.edu FACULTY ",
Teching_-_BTD_SCBC_SEE_SPMS_ed598cae.pdf,ok,3,6372,2124.0,"THAPAR INSTITUTE OF ENGINEERING AND TECHNOLOGY (Deemed-to-be University under section 3 of UGC Act, 1956 vide notification # F.9-12/84-U.3 of GoI) PATIALA-147004, PUNJAB http://www.thapar.edu FACULTY ",
UG ECE 2023 Scheme and Syllabus.pdf,ok,170,298827,1757.8,"SCHEME AND SYLLABUS Bachelor of Engineering (ELECTRONICS AND COMMUNICATION ENGINEERING) 2023-2027 THAPAR INSTITUTE OF ENGINEERING & TECHNOLOGY (DEEMED TO BE UNIVERSITY) PATIALA, PUNJAB, INDIA DEPARTME",
a36f869348bd4ad885bc24ee76a010f3_Notice_regarding_the_counselling_for_admission_to_BEBTech_programme_7a29f9ad.pdf,ok,1,1726,1726.0,"THAPAR INSTITUTE OF ENGINEERING & TECHNOLOGY, PATIALA (Deemed to be University) Dated: 13th May, 2026 Notice regarding the counselling for admission to BE/BTech programme This is for the information o",
a4a1be84fa814cb281b1e2b6e4041da2_30_WITHDRAWAL_FORM_091ec550.pdf,ok,2,2587,1293.5,"THAPAR INSTITUTE OF ENGINEERING & TECHNOLOGY, PATIALA APPLICATION FOR REFUND OF FEE (WITHDRAW OF SEAT) SESSION 2026-27 To, The Dean of Academic Affairs, Thapar Institute of Engineering & Technology, P",
b9e33aa15d0348c1a9fb72877e2ab874_JEE_Main_-_2026_Missing-Incorrect_Scorecard_-_12052026_34fed81a.pdf,ok,58,96239,1659.3,URGENT NOTICE Dated: 12-05-2026 Last chance for the following candidates who have applied for the first round of BE/BTech counselling are advised to email their Final JEE Scorecard in PDF/JPG format o,
bc88d64fa6e940f0b15261aa42b0d9ca_Prospectus_TPC_2026-27_e8aa2676.pdf,ok,6,9726,1621.0,"THAPAR POLYTECHNIC COLLEGE, PATIALA Prospectus 2026-27",
bf1c6b53a46440b39aae7784051e6d84_18_BRIEF_INFORMATION_ABOUT_SPECIALISATION_COURSES_IN_BE__COMPUTER_ENGINEERING__b78eaac9.pdf,ok,1,1403,1403.0,BRIEF INFORMATION ABOUT ELECTIVE FOCUS IN B.E. (COMPUTER ENGINEERING) AND BE (COMPUTER SCIENCE & ENGINEERING) B.E. Computer Engineering and B.E. Computer Science & Engineering Programmes are designed ,
c0147151854341d483bdda71a79d4e24_16_BRIEF_INFORMATION_ABOUT_BIOMEDICAL_ENGINEERING_70278b1d.pdf,ok,1,2998,2998.0,"BTECH BIOMEDICAL ENGINEERING The inception of the Biomedical Engineering program marks a significant milestone in our academic offerings, as it has been developed in partnership with the University of",
c604ce55cd2d47d1aadf6039679377c5_Cut_off_-_First_online_counselling_on_the_basis_of_JEE_-_2026_6a10c3b5.pdf,ok,2,4848,2424.0,"THAPAR INSTITUTE OF ENGINEERING & TECHNOLOGY, PATIALA Dated - May 16, 2026 FIRST ONLINE COUNSELLING ON THE BASIS OF JEE MAIN – 2026 MERIT BRANCH/CATEGORY WISE CUT-OFF Following is the Branch/Category ",
c8706fe503eb4611b95ad51d4636cfe3_25_HOSTEL_FACILITIES_e2e9853b.pdf,ok,4,5750,1437.5,27 HOSTEL AND OTHER FACILITIES 27.1 HOSTELS The Institute has 17 hostels (10 for boys & 7 for girls) with state-of-the-art facilities. The total hostel accommodation capacity is over for boys is over ,
c9ca1c9ac6384c869ba793be62a01312_21_BRIEF_INFORMATION_ABOUT_ELECTIVE_FOCUS_IN_B.E.__CHEMICAL_ENGINEERING__48eeab8d.pdf,ok,1,830,830.0,BRIEF INFORMATION ABOUT ELECTIVE FOCUS IN B.E. (CHEMICAL ENGINEERING) B.E. Chemical Engineering program is designed to offer elective focus (EF) after student clears semester VI (3rd year) of the prog,
dc5f745ae85d4b548b2728da49dfad4f_Notice_regarding_the_Second_Round_of_counselling_-_BEBTech_851e25e0.pdf,ok,1,2359,2359.0,"THAPAR INSTITUTE OF ENGINEERING & TECHNOLOGY, PATIALA (Deemed to be University) Dated: 19th June, 2026 Notice regarding the Second Round of counselling for admission to BE/BTech programme This is for ",
e43f918eb33a407794b5133b33009ee8_27_ANTI-ALCOHOL_AND_ANTI-DRUG__ABUSE_POLICY_902c0ad6.pdf,ok,1,3192,3192.0,"THAPAR INSTITUTE OF ENGINEERING & TECHNOLOGY, PATIALA ANTI-ALCOHOL/DRUG ABUSE POLICY THAPAR INSTITUTE OF ENGINEERING & TECHNOLOGY, PATIALA has the responsibility to maintain an educational environment",
e7405eddb07a445992e0485856751152_03_BRIEF_INTRODUCTION_4912bae0.pdf,ok,13,34575,2659.6,"BRIEF INTRODUCTION In the present age, Universities are becoming wise to various strategies and striving to deliver top-quality education globally. Thapar Institute of Engineering & Technology, Patial",
e794c4c21cc64c05812018f50f868291_15_FEATURES_OF_UG-PG_PROGRAMS_53575322.pdf,ok,6,18100,3016.7,"FEATURES OF UG & PG PROGRAMS 1. TIET follows the semester system and each semester includes 90 days of teaching. 2. To be eligible for the award of degree, the candidate should not have any pending ba",
f2bfec51bcbb473b99876d6bcc5b56c7_Cut_off_-_Second_online_counselling_on_the_basis_of_JEE_-_2026_1392ca6c.pdf,ok,2,5149,2574.5,"THAPAR INSTITUTE OF ENGINEERING & TECHNOLOGY, PATIALA Dated – June 29, 2026 SECOND ONLINE COUNSELLING ON THE BASIS OF JEE MAIN – 2026 MERIT BRANCH/CATEGORY WISE CUT-OFF Following is the Branch/Categor",
feaba839d7624dfe8f1b449600f9da0f_11_20ADMISSION_20TO_20PHD_20PROGRAMS_e6288251.pdf,ok,37,97521,2635.7,8. Ph.D. PROGRAMME (2026-27) Mode of Program: Regular/Part-time/Executive 8.1 ELIGIBILITY i. A candidate seeking admission to the degree of Doctor of Philosophy must have obtained M.E./ M.Tech./ MCA/ ,
nationalraggingprevention_d7e9cea9.pdf,ok,1,526,526.0,NATIONAL RAGGING PREVENTION PROGRAMME National Anti-Ragging Helpline 24x7 Toll Free 1800-180-5522 helpline@antiragging.in | www.antiragging.in UGC Monitoring Agency Centre for Youth (C4Y) antiragging@,
